CompanySymbol,Company Name,TotalEsgScore,EnvironmentRiskScore,SocialRiskScore,GovernanceRiskScore,EsgRatingYear
SAGA.L,SAGA PLC,,,,,
ITRK.L,INTERTEK GROUP PLC,21.18,0.07,14.59,6.52,2022.0
BVI.PA,BUREAU VERITAS SA,11.29,0.07,6.43,4.79,2022.0
RCDO.L,RICARDO PLC,,,,,
BZ1.MU,ASSYSTEM SA,,,,,
EXPGY,EXPERIAN PLC,,,,,
LSEG.L,LONDON STOCK EXCH GROUP PLC,18.48,1.64,7.39,9.46,2022.0
DKSH.SW,DKSH HOLDING AG,14.53,,,,2022.0
AFRY.ST,AFRY AB,,,,,
VIG.PR,VIENNA INSURANCE GROUP,,,,,
PAGE.L,PAGEGROUP PLC,,,,,
BLHEF,BALOISE HOLDING,20.35,2.02,9.44,8.9,2022.0
CS.PA,AXA SA,16.98,1.39,8.28,7.31,2022.0
DBOEY,DEUTSCHE BOERSE AG,,,,,
SFOR.L,CAPITA PLC,,,,,
@HACI OMER SABANCI HOLDING AS,HACI OMER SABANCI HOLDING AS,,,,,
MYH.F,MYTILINEOS SA,,,,,
@TURK SISE CAM,TURK SISE CAM,,,,,
RF.PA,EURAZEO,,,,,
ALB.MC,CORP FINANCIERA ALBA,,,,,
RHM.DE,RHEINMETALL AG,,,,,
SMIN.L,SMITHS GROUP PLC,26.56,13.11,9.14,4.31,2022.0
SIE.DE,SIEMENS AG,30.08,9.73,10.91,9.44,2022.0
AKER.OL,AKER ASA,,,,,
RYAAY,RYANAIR HOLDINGS PLC,,,,,
WIZZ.L,WIZZ AIR HOLDINGS PLC,,,,,
AF.PA,AIR FRANCE - KLM,,,,,
DPW.DE,DEUTSCHE POST AG,15.12,3.96,6.35,4.81,2022.0
@ROYAL MAIL HOLDINGS,ROYAL MAIL HOLDINGS,,,,,
CTT.LS,CTT CORREIOS DE PORTUGAL SA,,,,,
SAS.ST,SAS AB,,,,,
LIN,LINDE PLC,,,,,
@L'AIR LIQUIDE SA,L'AIR LIQUIDE SA,,,,,
WCH.DE,WACKER CHEMIE AG,26.25,10.79,5.75,9.71,2022.0
EVK.DE,EVONIK INDUSTRIES AG,24.61,13.69,3.59,7.33,2022.0
1COV.DE,COVESTRO AG,21.13,11.44,3.51,6.17,2022.0
BRG.OL,BORREGAARD ASA,,,,,
@SUOMINEN CORP,SUOMINEN CORP,,,,,
CLN.SW,CLARIANT AG,20.39,9.49,4.37,6.52,2022.0
SYNT.L,SYNTHOMER PLC,,,,,
KDSKF,KONINKLIJKE DSM NV,19.94,9.86,4.77,5.32,2022.0
CRDA.L,CRODA INTERNATIONAL PLC,22.97,11.69,5.28,6.0,2022.0
VCT.L,VICTREX PLC,,,,,
SVT.L,SEVERN TRENT PLC,15.14,6.06,5.59,3.5,2022.0
UU.L,UNITED UTILITIES GROUP PLC,12.76,3.71,3.44,5.61,2022.0
CAP.PA,CAPGEMINI SE,10.08,0.5,5.75,3.83,2022.0
AVV.L,AVEVA GROUP PLC,,,,,
GLOB.BA,GLOBANT SA,,,,,
VID.L,VIDENDUM PLC,,,,,
@SDL PLC,SDL PLC,,,,,
ACN,ACCENTURE PLC,9.71,0.29,4.58,4.83,2022.0
@SOPHOS GROUP PLC,SOPHOS GROUP PLC,,,,,
SGE.L,SAGE GROUP PLC,17.72,1.27,11.17,5.28,2022.0
NCC.L,NCC GROUP PLC,,,,,
0HA9.IL,INDRA SISTEMAS SA,,,,,
@DASSAULT SYSTEMS SA,DASSAULT SYSTEMS SA,,,,,
ATEA.OL,ATEA ASA,,,,,
TEMN.SW,TEMENOS AG,,,,,
@TRAKYA CAM SANAYII AS,TRAKYA CAM SANAYII AS,,,,,
KBWA.BE,BOSKALIS WESTMINSTER NV,,,,,
SGO.PA,COMPAGNIE DE SAINT GOBAIN,20.18,8.43,6.14,5.61,2022.0
FRRVY,FERROVIAL SA,,,,,
RE.PA,COLAS SA,,,,,
@TARKETT PROMESSES,TARKETT PROMESSES,,,,,
@ACTIVIDADES CONSTR Y SERVICI,ACTIVIDADES CONSTR Y SERVICI,,,,,
GEN.L,GENUIT GROUP PLC,,,,,
KLR.L,KELLER GROUP PLC,,,,,
KRX.IR,KINGSPAN GROUP PLC,,,,,
GEBN.SW,GEBERIT AG,13.09,5.55,2.18,5.36,2022.0
3OY1.F,MAIRE TECNIMONT SPA,,,,,
STR.VI,STRABAG SE,,,,,
YIT.HE,YIT CORP,,,,,
@JOHNSON CONTROLS INTL PLC,JOHNSON CONTROLS INTL PLC,,,,,
@CIE D'ENTREPRISES CFE,CIE D'ENTREPRISES CFE,,,,,
0MKG.IL,OBRASCON HUARTE LAIN SA,,,,,
ASSA-B.ST,ASSA ABLOY AB,17.06,7.93,3.45,5.68,2022.0
VK4.BE,VEIDEKKE A/S,,,,,
EK5.MU,ELECNOR SA,,,,,
@NMCN PLC,NMCN PLC,,,,,
AFG.OL,AF GRUPPEN ASA,,,,,
@MCCARTHY & STONE PLC,MCCARTHY & STONE PLC,,,,,
SKA-B.ST,SKANSKA AB,27.41,4.89,13.34,9.18,2022.0
GLE.L,MJ GLEESON PLC,,,,,
PSN.L,PERSIMMON PLC,16.59,6.32,5.55,4.72,2022.0
BWY.L,BELLWAY PLC,,,,,
BOOT.L,BOOT (HENRY) PLC,,,,,
CRST.L,CREST NICHOLSON HOLDINGS PLC,,,,,
RDW.L,REDROW PLC,,,,,
MGNS.L,MORGAN SINDALL GROUP PLC,,,,,
BDEV.L,BARRATT DEVELOPMENTS PLC,11.36,4.25,3.81,3.3,2022.0
TW.L,TAYLOR WIMPEY PLC,12.53,4.69,3.87,3.98,2022.0
6CO.SG,COUNTRYSIDE PARTNERSHIPS PLC,,,,,
VTY.L,VISTRY GROUP PLC,,,,,
JM.ST,JM AB,,,,,
@JKX OIL & GAS PLC,JKX OIL & GAS PLC,,,,,
SBFFY,SBM OFFSHORE NV,,,,,
ENOG.L,ENERGEAN PLC,,,,,
PETB.IL,OMV PETROM,,,,,
TLW.L,TULLOW OIL PLC,,,,,
NOG.L,NOSTRUM OIL & GAS PLC,,,,,
E,ENI SPA,,,,,
@INA-INDUSTRIJA NAFTE DD,INA-INDUSTRIJA NAFTE DD,,,,,
OMV.VI,OMV AG,27.4,12.39,6.88,8.14,2022.0
VLOWY,VALLOUREC SA,,,,,
TTE,TOTALENERGIES SE,,,,,
SHEL,SHELL PLC,,,,,
GLPEY,GALP ENERGIA SGPS SA,,,,,
EQNR,EQUINOR ASA,,,,,
BP,BP PLC,,,,,
MOL.BD,MOL HUNGARIAN OIL,26.12,10.77,6.38,8.97,2022.0
SOC.SG,SUBSEA 7 SA,,,,,
PRS.OL,PROSAFE SE,,,,,
@SARAS RAFFINERIE SARDE SPA,SARAS RAFFINERIE SARDE SPA,,,,,
NESTE.HE,NESTE OYJ,20.3,11.2,4.84,4.26,2022.0
IGD.MI,IMMOBILIARE GRANDE DISTRIBUZ,,,,,
HMSO.L,HAMMERSON PLC,9.81,2.64,3.79,3.38,2022.0
UTG.L,UNITE GROUP PLC,,,,,
0QVM.IL,MERLIN PROPERTIES SOCIMI SA,,,,,
@MCKAY SECURITIES PLC,MCKAY SECURITIES PLC,,,,,
LI.PA,KLEPIERRE,10.48,3.32,2.36,4.81,2022.0
WKP.L,WORKSPACE GROUP PLC,,,,,
BEFB.BR,BEFIMMO SA,,,,,
COFB.BR,COFINIMMO SA,,,,,
URW.AS,UNIBAIL RODAMCO WESTFIELD,4.67,0.05,1.14,3.49,2022.0
LAND.L,LAND SECURITIES GROUP PLC,8.52,2.76,1.67,4.09,2022.0
GPE.L,GREAT PORTLAND ESTATES PLC,,,,,
NRR.L,NEWRIVER REIT PLC,,,,,
GFC.PA,GECINA,10.69,1.47,5.06,4.16,2022.0
COV.PA,COVIVIO,8.3,1.53,2.72,4.05,2022.0
MERY.PA,MERCIALYS,,,,,
BLND.L,BRITISH LAND CO PLC,8.52,2.33,1.98,4.21,2022.0
@BANK HANDLOWY W WARZAWIE SA,BANK HANDLOWY W WARZAWIE SA,,,,,
AOX.DE,ALSTRIA OFFICE REIT AG,,,,,
DLN.L,DERWENT LONDON PLC,,,,,
SAFE.L,SAFESTORE HOLDINGS,,,,,
IPF.L,INTERNATIONAL PERSONAL FIN,,,,,
0KVH.IL,BRD-GROUPE SOCIETE GENERALE,,,,,
0DRH.IL,BANK MILLENNIUM SA,,,,,
BYG.L,BIG YELLOW GROUP PLC,,,,,
ALBKY,ALPHA SERVICES AND HOLDINGS,,,,,
BCPN.SG,BANCO COMERCIAL PORTUGUES SA,,,,,
WER.SG,WERELDHAVE NV,,,,,
OTP.BD,OTP BANK PLC,19.94,1.7,10.12,8.12,2022.0
@PHP-PRIMARY HEALTH PPTYS PLC,PHP-PRIMARY HEALTH PPTYS PLC,,,,,
SGRO.L,SEGRO PLC,10.29,2.29,2.19,5.8,2022.0
CMCX.L,CMC MARKETS PLC,,,,,
CBK.DE,COMMERZBANK,21.31,1.26,10.62,9.43,2022.0
MTRO.L,METRO BANK PLC,,,,,
ILPMY,PERMANENT TSB GROUP HLDGS,,,,,
SHB.L,SHAFTESBURY PLC,,,,,
NWG,NATWEST GROUP PLC,,,,,
BBVA,BBVA,,,,,
KBC.BR,KBC GROUP NV,11.75,0.62,4.72,6.41,2022.0
ERBAG.PR,ERSTE GROUP BK AG,15.5,1.09,4.77,9.65,2022.0
STAN.L,STANDARD CHARTERED PLC,25.95,0.96,15.34,9.65,2022.0
BCS,BARCLAYS PLC,,,,,
ARL.DE,AAREAL BANK AG,,,,,
I5G.DU,IG GROUP HLDGS PLC,,,,,
EMG.L,MAN GROUP LIMITED,,,,,
VUK.AX,VIRGIN MONEY UK PLC,,,,,
SPNO.CO,SPAR NORD BANK A/S,,,,,
SYDB.CO,SYDBANK AS,,,,,
AIBRF,AIB GROUP PLC,,,,,
@SANNE GROUP PLC,SANNE GROUP PLC,,,,,
VATN.SW,VALIANT HOLDING AG,,,,,
VB2.SG,VASTNED RETAIL NV,,,,,
BSD2.DU,BANCO SANTANDER SA,23.92,1.82,11.94,10.16,2022.0
CBG.L,CLOSE BROTHERS GROUP PLC,,,,,
PAG.L,PARAGON BANKING GROUP,,,,,
HL.L,HARGREAVES LANSDOWN PLC,22.68,2.1,9.12,11.47,2022.0
@BREWIN DOLPHIN HLDGS PLC,BREWIN DOLPHIN HLDGS PLC,,,,,
UBS,UBS GROUP AG,22.66,1.21,11.0,10.45,2022.0
ABDN.L,ABRDN PLC,16.58,1.42,8.48,6.68,2022.0
@BAWAG P.S.K.,BAWAG P.S.K.,,,,,
TOWN.AQ,TOWN CENTRE SECURITIES PLC,,,,,
SEB-A.ST,SKANDINAVISKA ENSKILDA BANK,24.0,1.21,9.58,13.2,2022.0
SHB-A.ST,SVENSKA HANDELSBANKEN,17.11,0.73,6.98,9.41,2022.0
SWED-A.ST,SWEDBANK AB,24.88,0.67,9.67,14.54,2022.0
@RATHBONE BROTHERS PLC,RATHBONE BROTHERS PLC,,,,,
@PROVIDENT FINL GROUP,PROVIDENT FINL GROUP,,,,,
0NQH.IL,RHOEN-KLINIKUM AG,,,,,
ORP.PA,ORPEA SA,30.94,3.19,20.03,7.72,2022.0
SPI.L,SPIRE HEALTHCARE GROUP PLC,,,,,
ATT.ST,ATTENDO AB,,,,,
@DIRECT LINE INSURANCE GRP,DIRECT LINE INSURANCE GRP,,,,,
@RSA INSURANCE GROUP PLC,RSA INSURANCE GROUP PLC,,,,,
CSN.L,CHESNARA PLC,,,,,
MT,ARCELORMITTAL,,,,,
@DAVIDE CAMPARI-MILANO N V,DAVIDE CAMPARI-MILANO N V,,,,,
BUD,ANHEUSER-BUSCH INBEV,,,,,
CARL-B.CO,CARLSBERG A/S,22.56,7.3,8.77,6.49,2022.0
4H5.DU,HEINEKEN HOLDING NV,21.09,5.9,7.26,7.92,2022.0
HEINY,HEINEKEN NV,,,,,
RI.PA,PERNOD RICARD SA,15.48,3.76,5.93,5.79,2022.0
DEO,DIAGEO PLC,,,,,
BVIC.L,BRITVIC PLC,,,,,
CCH.L,COCA-COLA HBC AG,13.55,5.35,4.32,3.88,2022.0
CCEP,COCA-COLA EUROPACIFIC PARTNE,,,,,
NXPI,NXP SEMICONDUCTORS NV,21.6,8.67,7.39,5.55,2022.0
STM,STMICROELECTRONICS NV,,,,,
IFX.DE,INFINEON TECHNOLOGIES AG,17.89,8.1,5.0,4.79,2022.0
ASM.AS,ASM INTERNATIONAL NV,,,,,
MBTN.SW,MEYER BURGER TECHNOLOGY AG,,,,,
@ANADOLU CAM,ANADOLU CAM,,,,,
BOY.L,BODYCOTE PLC,,,,,
MGAM.L,MORGAN ADVANCED MATERIALS,,,,,
VSVS.L,VESUVIUS PLC,,,,,
TREL-B.ST,TRELLEBORG AB,29.34,8.5,14.06,6.78,2022.0
AACA.SG,AALBERTS NV,,,,,
@DATWYLER HOLDING AG,DATWYLER HOLDING AG,,,,,
WEIR.L,WEIR GROUP PLC,23.47,6.22,12.7,4.55,2022.0
SKF-B.ST,SKF AB,24.29,5.14,11.41,7.75,2022.0
AS4.BE,CORTICEIRA AMORIM SGPS SA,,,,,
NOEJ.DE,NORMA GROUP SE,,,,,
SAND.ST,SANDVIK AB,23.21,6.99,10.24,5.97,2022.0
HDD.DE,HEIDELBERGER DRUCKMASCHINEN,,,,,
SUN.SW,SULZER LTD,,,,,
SCHN.SW,SCHINDLER HOLDING AG,,,,,
0IKJ.IL,WARTSILA OYJ ABP,21.03,4.88,9.43,6.72,2022.0
@SURTECO SE,SURTECO SE,,,,,
BRBOF,BREMBO SPA,,,,,
TIFS.L,TI FLUID SYSTEMS PLC,,,,,
CAD.SG,CIE AUTOMOTIVE SA,,,,,
GEF.F,SOGEFI SPA,,,,,
SHA.DE,SCHAEFFLER AG,8.83,,,,2022.0
0ROM.IL,GESTAMP AUTOMOCION SA,,,,,
CON.DE,CONTINENTAL AG,15.71,1.89,7.65,6.18,2022.0
FR.PA,VALEO SE,10.59,1.85,3.09,5.65,2022.0
ALV,AUTOLIV INC,16.95,4.87,5.13,6.94,2022.0
POM.PA,COMPAGNIE PLASTIC OMNIUM SE,,,,,
FAU.BE,FAURECIA SE,10.97,1.43,4.06,5.47,2022.0
LEO.DE,LEONI AG,,,,,
CNHI,CNH INDUSTRIAL NV,16.61,5.28,4.55,6.78,2022.0
DOM.ST,DOMETIC GROUP AB,,,,,
BAYN.DE,BAYER AG,29.88,3.99,18.55,7.34,2022.0
REC.VI,RECORDATI SPA,28.42,3.27,16.38,8.77,2022.0
@STADA ARZNEIMITTEL AG,STADA ARZNEIMITTEL AG,,,,,
FMS,FRESENIUS MEDICAL CARE AG&CO,,,,,
FRE.DE,FRESENIUS SE & CO KGAA,19.7,0.07,10.71,8.93,2022.0
@MERCK KOMMANDITGESELLSCHAFT,MERCK KOMMANDITGESELLSCHAFT,,,,,
SNY,SANOFI,,,,,
GSK,GSK PLC,,,,,
NVS,NOVARTIS AG,,,,,
34D.SG,DIASORIN SPA,,,,,
AZN,ASTRAZENECA PLC,,,,,
SOON.SW,SONOVA HOLDING AG,17.23,2.43,8.63,6.18,2022.0
RHHBY,ROCHE HOLDING AG,,,,,
VIFN.SW,VIFOR PHARMA AG,26.98,3.29,16.33,7.36,2022.0
@HALDEX AB,HALDEX AB,,,,,
VOS.DE,VOSSLOH AG,,,,,
PIA.MI,PIAGGIO & C SPA,,,,,
VOW3.DE,VOLKSWAGEN AG,29.75,8.23,10.17,11.35,2022.0
2FE.MU,FERRARI NV,24.64,6.05,12.19,6.4,2022.0
@KION GROUP GMBH,KION GROUP GMBH,,,,,
RNO.PA,RENAULT SA,22.96,7.02,8.99,6.95,2022.0
PAL.VI,PALFINGER AG,,,,,
WAC.DE,WACKER NEUSON SE,,,,,
BMW.DE,BAYER MOTOREN WERKE AG,23.14,6.46,7.52,9.17,2022.0
MBG.DE,MERCEDES-BENZ GROUP AG,22.78,8.0,7.27,7.5,2022.0
ALO.PA,ALSTOM SA,19.18,3.4,8.93,6.85,2022.0
VOLV-B.ST,VOLVO AB,22.83,5.16,8.79,8.89,2022.0
STX,SEAGATE TECHNOLOGY HOLDINGS,10.66,1.59,3.8,5.26,2021.0
0NIG.L,SABAF SPA,,,,,
SK.PA,SEB SA,17.6,6.04,5.08,6.48,2022.0
TEL,TE CONNECTIVITY LTD,15.93,6.42,4.87,4.64,2022.0
HUSQF,HUSQVARNA AB,,,,,
ELUX-B.ST,ELECTROLUX AB,16.98,5.16,7.58,4.23,2022.0
SGL.DE,SGL CARBON SE,,,,,
MRN.PA,MERSEN,,,,,
PRYMF,PRYSMIAN SPA,21.41,6.34,9.77,5.3,2022.0
ETN,EATON CORP PLC,17.85,5.37,6.76,5.72,2022.0
NEX.PA,NEXANS,,,,,
ABB,ABB LTD,,,,,
HUBN.SW,HUBER & SUHNER AG,,,,,
ZAG.VI,ZUMTOBEL GROUP AG,,,,,
ERIC,TELEFONAKTIEBOLAGET LM ERICS,,,,,
2PI.MU,PIRELLI & C SPA,,,,,
TYRES.HE,NOKIAN RENKAAT OYJ,12.26,3.29,2.93,6.04,2022.0
COA.L,COATS GROUP PLC,,,,,
EL.PA,ESSILORLUXOTTICA,19.68,2.17,9.59,7.91,2022.0
PNDORA.CO,PANDORA AS,12.08,1.1,6.35,4.64,2022.0
@TOD'S GROUP SPA,TOD'S GROUP SPA,,,,,
KER.PA,KERING,10.71,0.86,4.86,5.0,2022.0
LNZ.VI,LENZING AG,,,,,
@ALRO SLATINA,ALRO SLATINA,,,,,
PAF.L,PAN AFRICAN RESOURCES PLC,,,,,
NHYDY,NORSK HYDRO ASA,,,,,
@PETROPAVLOVSK PLC,PETROPAVLOVSK PLC,,,,,
0R9X.IL,GRANGES AB,,,,,
OCINF,OCI NV,,,,,
@STAGECOACH GROUP PLC,STAGECOACH GROUP PLC,,,,,
FGP.L,FIRSTGROUP PLC,,,,,
NEX.L,NATIONAL EXPRESS GROUP PLC,,,,,
GET.PA,GETLINK SE,,,,,
AU9.F,ATLANTIA SPA,8.82,1.1,4.13,3.59,2022.0
REDD.L,REDDE NORTHGATE PLC,,,,,
@EUROPCAR MOBILITY GROUP S.A,EUROPCAR MOBILITY GROUP S.A,,,,,
@AGGREKO PLC,AGGREKO PLC,,,,,
@INTERCONTINENTAL HOTELS GRP,INTERCONTINENTAL HOTELS GRP,,,,,
AC.PA,ACCOR SA,18.35,6.83,7.24,4.28,2022.0
ELISA.HE,ELIS,17.77,3.25,8.9,5.61,2022.0
@MELIA HOTELS INTL SA,MELIA HOTELS INTL SA,,,,,
0OHG.L,NH HOTEL GROUP SA,,,,,
MARS.L,MARSTONS PLC,,,,,
MAB.L,MITCHELLS & BUTLER PLC,,,,,
@WETHERSPOON (JD) PLC,WETHERSPOON (JD) PLC,,,,,
GRG.L,GREGGS PLC,,,,,
WTB.L,WHITBREAD PLC,17.78,8.14,6.55,3.09,2022.0
0RNO.IL,PROSEGUR CASH SA,,,,,
BB.PA,BIC SA,24.04,8.45,8.09,7.5,2022.0
RTN.L,RESTAURANT GROUP PLC,,,,,
BAB.L,BABCOCK INTERNATIONAL GROUP,29.77,6.35,17.4,6.01,2022.0
@PROSEGUR (CIA DE SEGURIDAD),PROSEGUR (CIA DE SEGURIDAD),,,,,
DTY.L,DIGNITY PLC,,,,,
@G4S PLC,G4S PLC,,,,,
SSPPF,SSP GROUP PLC,,,,,
PNDX-B.ST,PANDOX AB,,,,,
@AA PLC,AA PLC,,,,,
DOM.L,DOMINO'S PIZZA GROUP PLC,,,,,
SHOT.ST,SCANDIC HOTELS GROUP AB,,,,,
SPIE.PA,SPIE,,,,,
@EI GROUP PLC,EI GROUP PLC,,,,,
CAV1V.HE,CAVERION OYJ,,,,,
SECU-B.ST,SECURITAS AB,12.47,0.91,5.97,5.58,2022.0
HSV.L,HOMESERVE PLC,,,,,
GLO.PA,GL EVENTS,,,,,
ISS.CO,ISS A/S,14.08,2.16,7.13,4.79,2022.0
EDEN.PA,EDENRED SA,,,,,
PAY.L,PAYPOINT PLC,,,,,
SW.PA,SODEXO,23.22,4.76,13.02,5.44,2022.0
@ENCE ENERGIA & CELULOSA,ENCE ENERGIA & CELULOSA,,,,,
UPM.HE,UPM-KYMMENE CORP,14.69,7.89,2.83,3.97,2022.0
@METSA BOARD CORP,METSA BOARD CORP,,,,,
@MONDI PLC/LTD (GBR),MONDI PLC/LTD (GBR),,,,,
SKG.L,SMURFIT KAPPA GROUP PLC,11.07,7.46,0.78,2.83,2022.0
STERV.HE,STORA ENSO OYJ,15.93,9.23,2.52,4.18,2022.0
SMDS.L,SMITH DS PLC,12.91,8.31,1.58,3.02,2022.0
SOLB.BR,SOLVAY SA,24.16,12.75,5.21,6.2,2022.0
LXS.DE,LANXESS AG,27.35,13.43,4.89,9.02,2022.0
AKE.PA,ARKEMA,21.17,10.23,3.87,7.07,2022.0
KEMIRA.HE,KEMIRA OY,,,,,
BAS.DE,BASF SE,28.11,12.82,6.9,8.38,2022.0
CLLNY,CELLNEX TELECOM SA,,,,,
HLTOY,OTE - HELLENIC TELECOM ORG,,,,,
TEL.OL,TELENOR ASA,22.58,4.8,10.07,7.72,2022.0
TKA.VI,TELEKOM AUSTRIA AG,,,,,
KKPNY,KONINKLIJKE KPN NV,,,,,
TIIAY,TELECOM ITALIA SPA,,,,,
@VODAFONE GROUP PUBLIC LTD,VODAFONE GROUP PUBLIC LTD,,,,,
TELDF,TELEFONICA DEUTSCHLAND,12.44,1.79,6.08,4.57,2022.0
ELISA.HE,ELISA CORP,17.77,3.25,8.9,5.61,2022.0
TEL2-B.ST,TELE2 AB,,,,,
@EUSKALTEL SA,EUSKALTEL SA,,,,,
OJ=F,ORANGE,,,,,
DTE.DE,DEUTSCHE TELEKOM,16.3,2.6,7.75,5.95,2022.0
@HRVATSKI TELEKOM DD,HRVATSKI TELEKOM DD,,,,,
FNTN.DE,FREENET AG,,,,,
BT-A.L,BT GROUP PLC,17.0,2.0,8.23,6.77,2022.0
UTDI.DE,UNITED INTERNET AG,21.81,5.6,8.85,7.37,2022.0
TK6.SG,TALKTALK TELECOM GROUP PLC,,,,,
SCMN.SW,SWISSCOM AG,15.22,3.25,6.03,5.94,2022.0
EBRPY,EBRO FOODS SA,,,,,
TATE.L,TATE & LYLE PLC,,,,,
ATRAV.HE,ATRIA PLC,,,,,
0MKW.IL,VISCOFAN SA,,,,,
@MHP S.E,MHP S.E,,,,,
DVO.L,DEVRO PLC,,,,,
AGR.VI,AGRANA BETEILIGUNGS-AG,,,,,
ABF.L,ASSOCIATED BRITISH FOODS PLC,25.95,10.47,10.96,4.52,2022.0
AAK.ST,AAK AB,,,,,
UELKY,ULKER BISKUVI SANAYI AS,,,,,
SALM.OL,SALMAR ASA,,,,,
BAKK.L,BAKKAVOR GROUP PLC,,,,,
BON.PA,BONDUELLE,,,,,
HKSAV.HE,HKSCAN OYJ,,,,,
@FROMAGERIES BEL SA,FROMAGERIES BEL SA,,,,,
PFODF,PREMIER FOODS PLC,,,,,
BN.VI,DANONE SA,19.87,7.51,7.39,4.97,2022.0
@NESTLE SA/AG,NESTLE SA/AG,,,,,
CLA-B.ST,CLOETTA AB,,,,,
ORK.OL,ORKLA ASA,19.16,6.65,7.43,5.09,2022.0
SCST.ST,SCANDI STANDARD AB,,,,,
LISN.SW,CHOCOLADEFABRIKEN LINDT & SP,25.28,10.0,8.24,7.04,2022.0
BELL.SW,BELL FOOD GROUP AG,,,,,
ER9.MU,ERG SPA,,,,,
@ZORLU ENRJI ELEKTRIK UERETIM,ZORLU ENRJI ELEKTRIK UERETIM,,,,,
UN01.DE,UNIPER SE,,,,,
I10.DU,ITALGAS SPA,,,,,
@FALCK RENEWABLES SPA,FALCK RENEWABLES SPA,,,,,
SCATC.OL,SCATEC ASA,,,,,
EDRVF,EDP RENOVAVEIS SA,15.61,1.63,8.32,5.66,2022.0
@ALBIOMA,ALBIOMA,,,,,
@SUEZ SA,SUEZ SA,,,,,
ENEL.MI,ENEL SPA,22.85,8.8,9.52,4.52,2022.0
CEZ.F,CEZ AS,37.02,17.26,13.32,6.45,2022.0
@EVN-ENERGIE-VERSORG NIEDEROS,EVN-ENERGIE-VERSORG NIEDEROS,,,,,
VVDH.SG,VEOLIA ENVIRONNEMENT S A,,,,,
EDPFY,EDP-ENERGIAS DE PORTUGAL SA,,,,,
ENGI.PA,ENGIE SA,29.0,12.65,8.08,8.27,2022.0
VER.VI,VERBUND AG,18.93,6.01,7.02,5.89,2022.0
RN4.SG,REN-REDES ENERGETICAS NACIO,,,,,
@GEDI GRUPPO EDITORIALE S.P.A,GEDI GRUPPO EDITORIALE S.P.A,,,,,
DCS.MU,JC DECAUX SA,13.53,0.09,7.47,5.96,2022.0
UCM.DU,BUZZI UNICEM SPA,,,,,
3PC.BE,CEMENTIR HOLDING NV,,,,,
4HM.SG,VICAT SA,,,,,
HOLN.SW,HOLCIM LTD,20.23,11.94,2.95,5.34,2022.0
@CEMEX LATAM HOLDINGS SA,CEMEX LATAM HOLDINGS SA,,,,,
HEI.DE,HEIDELBERGCEMENT AG,27.01,15.34,3.68,7.99,2022.0
GSM,FERROGLOBE PLC,,,,,
CRH,CRH PLC,,,,,
ERA.PA,ERAMET,,,,,
NE0.MU,NEXA RESOURCES SA,,,,,
WIE.VI,WIENERBERGER AG,,,,,
IY4.F,IMERYS SA,32.17,14.92,8.13,9.12,2022.0
AAL.L,ANGLO AMERICAN PLC,22.87,10.15,9.32,3.41,2022.0
AMG,AMG ADVANCED METALLURGICAL,20.72,1.38,8.39,10.94,2022.0
RIO,RIO TINTO GROUP,,,,,
BOL.ST,BOLIDEN AB,27.71,11.77,9.18,6.76,2022.0
GLNCY,GLENCORE PLC,,,,,
SCB.SG,SECHE ENVIRONNEMENT SA,,,,,
O5G.DU,CPI PROPERTY GROUP SA,,,,,
@ATRIUM EURP R/EST,ATRIUM EURP R/EST,,,,,
CTY1S.HE,CITYCON OYJ,,,,,
CAST.ST,CASTELLUM AB,,,,,
SRP.L,SERCO GROUP PLC,,,,,
@LASSILA & TIKANOJA GROUP,LASSILA & TIKANOJA GROUP,,,,,
MOBN.SW,MOBIMO HOLDING AG,,,,,
RTO,RENTOKIL INITIAL PLC,,,,,
@KUNGSLEDEN AB,KUNGSLEDEN AB,,,,,
CLI.L,CLS HOLDINGS PLC,,,,,
PSPN.SW,PSP SWISS PROPERTY AG,,,,,
HUFV-A.ST,HUFVUDSTADEN AB,,,,,
FOXT.L,FOXTONS GROUP PLC,,,,,
ENTRA.OL,ENTRA ASA,,,,,
RPS.L,RPS GROUP PLC,,,,,
@NORWEGIAN PROPERTY AS,NORWEGIAN PROPERTY AS,,,,,
CAPC.L,CAPITAL & COUNTIES PROPERT,,,,,
MTO.L,MITIE GROUP PLC,,,,,
@LOK N STORE GROUP PLC,LOK N STORE GROUP PLC,,,,,
GRI.L,GRAINGER PLC,,,,,
SVS.L,SAVILLS PLC,,,,,
IIA.VI,IMMOFINANZ AG,,,,,
CINE.L,CINEWORLD GROUP,,,,,
CDA.PA,COMPAGNIE DES ALPES,,,,,
SKIS-B.ST,SKISTAR AB,,,,,
RNK.L,RANK GROUP PLC,,,,,
@INTL GAME TECHNOLOGY PLC,INTL GAME TECHNOLOGY PLC,,,,,
@WILLIAM HILL PLC,WILLIAM HILL PLC,,,,,
ENT.L,ENTAIN PLC,,,,,
@NETENT AB,NETENT AB,,,,,
PDYPY,FLUTTER ENTERTAINMENT PLC,,,,,
888.L,888 HOLDINGS,,,,,
PTEC.L,PLAYTECH PLC,,,,,
@OPAP SA,OPAP SA,,,,,
RMV.L,RIGHTMOVE PLC,,,,,
KIND-SDB.ST,KINDRED GROUP PLC,,,,,
AHT.L,ASHTEAD GROUP PLC,19.39,6.96,6.13,6.3,2022.0
VP.L,VP PLC,,,,,
SDY.L,SPEEDY HIRE PLC,,,,,
HWDN.L,HOWDEN JOINERY GROUP PLC,,,,,
GFTU.L,GRAFTON GROUP PLC,,,,,
BNR.DE,BRENNTAG SE,14.73,3.7,5.59,5.43,2022.0
FERG,FERGUSON PLC,,,,,
BNZL.L,BUNZL PLC,16.3,3.39,7.08,5.84,2022.0
DPLM.L,DIPLOMA PLC,,,,,
E7V0.F,REXEL SA,,,,,
INX.SG,IMCD NV,,,,,
@GERRESHEIMER GROUP,GERRESHEIMER GROUP,,,,,
LONN.SW,LONZA GROUP AG,16.51,1.33,9.62,5.55,2022.0
GNS.L,GENUS PLC,,,,,
G0FB.SG,GRIFOLS S A,,,,,
0RG8.IL,SARTORIUS STEDIM BIOTECH SA,16.56,1.06,8.88,6.62,2022.0
BAVA.CO,BAVARIAN NORDIC AS,,,,,
QGEN,QIAGEN NV,15.51,1.63,6.52,7.36,2022.0
IDIA.SW,IDORSIA LTD,,,,,
@MIGROS TICARET AS,MIGROS TICARET AS,,,,,
B4B.DE,METRO AG,17.6,4.45,8.47,4.69,2022.0
AD.AS,KONINKLIJKE AHOLD DELHAIZE,20.8,6.82,9.63,4.35,2022.0
OCDO.L,OCADO GROUP PLC,,,,,
TPT.L,TOPPS TILES PLC,,,,,
RAL.PA,RALLYE,,,,,
CAJ.MU,CASINO GUICHARD-PERRACHON SA,21.61,6.18,9.82,5.61,2022.0
@MORRISON (WM) SUPERMARKETS,MORRISON (WM) SUPERMARKETS,,,,,
HM-B.ST,HENNES & MAURITZ AB,15.58,1.32,7.97,6.3,2022.0
AO.L,AO WORLD PLC,,,,,
BME.L,B&M EUROPEAN VALUE RETAIL,,,,,
SBRY.L,SAINSBURY (J) PLC,17.12,5.14,8.05,3.93,2022.0
CA.PA,CARREFOUR SA,20.42,3.58,9.89,6.95,2022.0
FRAS.L,FRASERS GROUP PLC,,,,,
KGF.L,KINGFISHER PLC,10.11,2.78,4.61,2.73,2022.0
CARD.L,CARD FACTORY PLC,,,,,
PETS.L,PETS AT HOME GROUP PLC,,,,,
IXD1.HM,IND DE DISENO TEXTIL SA,12.5,1.16,6.15,5.19,2022.0
MTC.L,MOTHERCARE PLC,,,,,
DNLM.L,DUNELM GROUP PLC,,,,,
MA6A.BE,MARKS & SPENCER GROUP PLC,,,,,
KESKOB.HE,KESKO OYJ,,,,,
SMWH.L,WH SMITH PLC,,,,,
TTK.DE,TAKKT AG,,,,,
SDRY.L,SUPERDRY PLC,,,,,
BWNG.L,N BROWN GROUP PLC,,,,,
FNAC.PA,FNAC DARTY SA,,,,,
CURY.L,CURRYS PLC,,,,,
MEKO.ST,MEKO AB,,,,,
HFD.L,HALFORDS GROUP PLC,,,,,
EURN,EURONAV,,,,,
@VOPAK (KONINKLIJKE) NV,VOPAK (KONINKLIJKE) NV,,,,,
OKDBV.HE,ORIOLA OYJ,,,,,
39A.BE,APPLUS SERVICES SA,,,,,
TEP.PA,TELEPERFORMANCE,16.23,0.02,10.18,6.02,2022.0
RELX,RELX PLC,,,,,
WOSB.SG,WOLTERS KLUWER NV,17.96,4.02,9.77,4.17,2022.0
@IHS MARKIT LTD,IHS MARKIT LTD,,,,,
@ENKA INSAAT VE SANAYI AS,ENKA INSAAT VE SANAYI AS,,,,,
NAS.OL,NORWEGIAN AIR SHUTTLE ASA,,,,,
PGSUS.IS,PEGASUS HAVA TASIMACILIGI,,,,,
LHA.DE,DEUTSCHE LUFTHANSA AG,27.46,10.02,12.38,5.06,2022.0
@AENA SME S A,AENA SME S A,,,,,
0RG6.IL,FLUGHAFEN ZUERICH AG,23.41,4.29,12.32,6.8,2022.0
ELM.L,ELEMENTIS PLC,,,,,
GIVN.SW,GIVAUDAN SA,20.04,9.03,4.4,6.61,2022.0
JMAT.L,JOHNSON MATTHEY PLC,23.35,11.01,6.28,6.06,2022.0
AMADY,AMADEUS IT GROUP SA,,,,,
MFGP,MICRO FOCUS INTL PLC,,,,,
0FB0.IL,MOTA-ENGIL SGPS SA,,,,,
IPJ1.MU,WEBUILD SPA,,,,,
HOT.DE,HOCHTIEF AG,26.43,7.49,12.28,6.66,2022.0
ROCK-B.CO,ROCKWOOL A/S,,,,,
EN.PA,BOUYGUES SA,36.26,7.65,15.92,12.69,2022.0
DG.PA,VINCI SA,27.27,6.69,11.93,8.65,2022.0
BDX.WA,BUDIMEX SA,,,,,
FGR.PA,EIFFAGE,34.52,8.43,15.66,10.43,2022.0
@DORMAKABA HOLDINGS AG,DORMAKABA HOLDINGS AG,,,,,
BBY.L,BALFOUR BEATTY PLC,,,,,
@LINDAB INTL AB,LINDAB INTL AB,,,,,
KIE.L,KIER GROUP PLC,,,,,
PEAB-B.ST,PEAB AB,,,,,
VHM.SG,SACYR SA,,,,,
PHAR.L,PHAROS ENERGY PLC,,,,,
ENQ.L,ENQUEST PLC,,,,,
AKRBP.OL,AKER BP ASA,32.84,16.82,9.56,6.47,2022.0
@ORRON ENERGY AB (PUBL),ORRON ENERGY AB (PUBL),,,,,
PGS.OL,PGS ASA,,,,,
@ALLIED MINDS INC,ALLIED MINDS INC,,,,,
@RDI REIT PLC,RDI REIT PLC,,,,,
@INTU PROPERTIES PLC,INTU PROPERTIES PLC,,,,,
EUROB.AT,EUROBANK ERGASIAS SERVICES A,,,,,
LYG,LLOYDS BANKING GROUP PLC,,,,,
@ARROW GLOBAL GROUP PLC,ARROW GLOBAL GROUP PLC,,,,,
@HANSTEEN HLDGS,HANSTEEN HLDGS,,,,,
BKT.MC,BANKINTER,22.69,1.77,9.87,11.05,2022.0
@RAIFFEISEN INTL BANK HLDG AG,RAIFFEISEN INTL BANK HLDG AG,,,,,
@GAM HOLDING LTD,GAM HOLDING LTD,,,,,
@BANKIA SA,BANKIA SA,,,,,
CIXPF,CAIXABANK SA,19.0,0.47,7.38,11.15,2022.0
@CHARLES TAYLOR PLC,CHARLES TAYLOR PLC,,,,,
TRYG.CO,TRYG AS,19.68,0.39,8.48,10.81,2022.0
RECSI.OL,REC SILICON ASA,,,,,
TTG.L,TT ELECTRONICS PLC,,,,,
AMS.SW,AMS OSRAM AG,,,,,
TT,TRANE TECHNOLOGIES PLC,16.12,7.11,3.84,5.16,2022.0
RIEN.SW,RIETER HOLDING AG,,,,,
VALMT.HE,VALMET CORP,,,,,
ZIL2.DE,ELRINGKLINGER AG,,,,,
@DELPHI TECHNOLOGIES PLC,DELPHI TECHNOLOGIES PLC,,,,,
@CONSORT MEDICAL PLC,CONSORT MEDICAL PLC,,,,,
@RECIPHARM AB,RECIPHARM AB,,,,,
CTEC.L,CONVATEC GROUP PLC,,,,,
CAMS.NS,MAN SE,,,,,
LOGI,LOGITECH INTERNATIONAL SA,,,,,
8BU.SG,BRUNELLO CUCINELLI SPA,,,,,
@SIAS SOCIETA INIZIATIVE AUTO,SIAS SOCIETA INIZIATIVE AUTO,,,,,
MCK.NZ,MILLENNIUM& COPTHORNE HOTELS,,,,,
@GREENE KING PLC,GREENE KING PLC,,,,,
ELIOR.PA,ELIOR GROUP SA,,,,,
CPG.L,COMPASS GROUP PLC,18.0,4.12,10.41,3.47,2022.0
0H9P.IL,INTRUM JUSTITIA AB,,,,,
FINMY,LEONARDO SPA,,,,,
VEON,VEON LTD,,,,,
TEF,TELEFONICA SA,17.36,1.57,9.2,6.59,2022.0
TELIA.ST,TELIA COMPANY AB,14.87,2.01,7.3,5.56,2022.0
@ILIAD SA,ILIAD SA,,,,,
@P/F BAKKAFROST HOLDING,P/F BAKKAFROST HOLDING,,,,,
BARN.SW,BARRY CALLEBAUT AG,14.1,5.09,4.81,4.21,2022.0
CWK.L,CRANSWICK PLC,,,,,
EMMN.SW,EMMI AG,,,,,
DRX.L,DRAX GROUP,,,,,
SNMRY,SNAM SPA,,,,,
1T5.SG,TAURON POLSKA ENERGIA SA,,,,,
@ALTICE EUROPE NV,ALTICE EUROPE NV,,,,,
FRES.L,FRESNILLO PLC,28.72,12.46,10.46,5.8,2022.0
@CIMSA CIMENTO SANAYI VE TICA,CIMSA CIMENTO SANAYI VE TICA,,,,,
@CNIM GROUP SA,CNIM GROUP SA,,,,,
0RPK.IL,GRAND CITY PROPERTIES SA,,,,,
@ATRIUM LJUNBERG AB,ATRIUM LJUNBERG AB,,,,,
LEG.DE,LEG IMMOBILIEN SE,7.75,1.61,2.47,3.66,2022.0
DEQ.DE,DEUTSCHE EUROSHOP AG,,,,,
ALLN.SW,ALLREAL HOLDING AG,,,,,
SPSN.SW,SWISS PRIME SITE AG,13.32,2.96,4.67,5.68,2022.0
@HEMFOSA FASTIGHETER AB,HEMFOSA FASTIGHETER AB,,,,,
AT1.SG,AROUNDTOWN S.A,,,,,
VNA.DE,VONOVIA SE,6.75,0.78,2.31,3.67,2022.0
FABG.ST,FABEGE AB,,,,,
@ST MODWEN PROPERTIES PLC,ST MODWEN PROPERTIES PLC,,,,,
@MERLIN ENTERTAINMENTS PLC,MERLIN ENTERTAINMENTS PLC,,,,,
TCLRY,VANTIVA SA,,,,,
AUTO.L,AUTO TRADER GROUP PLC,,,,,
SHI.L,SIG PLC,,,,,
@SIEGFRIED HOLDING LTD,SIEGFRIED HOLDING LTD,,,,,
XOA1.SG,SONAE SGPS SA,,,,,
NXT.L,NEXT PLC,15.49,2.28,7.62,5.6,2022.0
ZAL.DE,ZALANDO SE,13.85,1.93,7.02,4.9,2022.0
CEC.DE,CECONOMY AG,27.97,7.42,10.59,9.95,2020.0
@FENIX OUTDOOR INTL AG,FENIX OUTDOOR INTL AG,,,,,
SNWS.L,SMITHS NEWS PLC,,,,,
@BOLSAS Y MERCADOS ESPANOLES,BOLSAS Y MERCADOS ESPANOLES,,,,,
ADEN.SW,ADECCO GROUP AG,11.8,0.03,8.45,3.33,2022.0
SGSN.SW,SGS SA,18.71,0.02,13.2,5.49,2022.0
AKZOY,AKZO NOBEL NV,,,,,
@ALTRAN TECHNOLOGIES SA,ALTRAN TECHNOLOGIES SA,,,,,
CCC.L,COMPUTACENTER PLC,,,,,
AGOAF,ABENGOA SA,,,,,
BGEO.L,BANK OF GEORGIA GROUP PLC,,,,,
LMP.L,LONDONMETRIC PROPERTY PLC,,,,,
MM0.MU,MONETA MONEY BANK AS,,,,,
@IP2IP0 GROUP PLC,IP2IP0 GROUP PLC,,,,,
@IFG GROUP PLC,IFG GROUP PLC,,,,,
@SCA-SVENSKA CELLULOSA AB,SCA-SVENSKA CELLULOSA AB,,,,,
ADM.L,ADMIRAL GROUP PLC,22.1,1.82,9.72,10.56,2022.0
@HASTINGS GROUP HOLDINGS LTD,HASTINGS GROUP HOLDINGS LTD,,,,,
PNR,PENTAIR PLC,29.3,9.12,13.6,6.59,2022.0
@AD PLASTIK DD,AD PLASTIK DD,,,,,
@CIR-COMPAGNIE INDUSTR,CIR-COMPAGNIE INDUSTR,,,,,
SNN,SMITH & NEPHEW PLC,,,,,
ESNT.L,ESSENTRA PLC,,,,,
YAR.OL,YARA INTERNATIONAL ASA,26.6,13.81,6.35,6.44,2022.0
TUI1.DE,TUI AG,28.37,13.33,11.09,3.94,2022.0
BNF.MU,BILLERUDKORSNAS AB,,,,,
BGAOY,PROXIMUS SA,,,,,
@INMARSAT PLC,INMARSAT PLC,,,,,
MYTAY,MAGYAR TELEKOM,,,,,
RWE.DE,RWE AG,22.68,10.86,6.57,5.25,2022.0
MDD.SG,ARNOLDO MONDADORI EDITORE SP,,,,,
TEG.DE,TAG IMMOBILIEN AG,,,,,
HLCL.AQ,HELICAL PLC,,,,,
ALKS,ALKERMES PLC,25.79,1.64,16.02,8.13,2022.0
DIA.MC,DISTRIBUIDORA INTERNACIONAL,,,,,
GAMA.JK,AKSA,,,,,
HLPN.DU,HELLENIC PETROLEUM HOLDINGS,,,,,
KGHPF,KGHM POLSKA MIEDZ SA,36.41,16.58,11.16,8.68,2022.0
CSTM,CONSTELLIUM SE,,,,,
COL.MC,INMOBILIARIA COLONIAL,,,,,
OSAGY,OSRAM LICHT AG,,,,,
FRA.DE,FRAPORT AG,13.34,2.07,6.08,5.19,2022.0
DWNI.DE,DEUTSCHE WOHNEN SE,12.24,3.07,3.98,5.19,2022.0
MCB.L,MCBRIDE PLC,,,,,
UL,UNILEVER PLC,,,,,
FO9A.F,FORD OTOMOTIV SANAYI AS,,,,,
DEZ.DE,DEUTZ AG,,,,,
@BARR (AG) PLC,BARR (AG) PLC,,,,,
RSW.L,RENISHAW PLC,,,,,
RCAA.F,ARCELIK AS,,,,,
DIE.BR,D'IETEREN GROUP SA,,,,,
@CONSTRUCCIONES Y AUXIL FERRO,CONSTRUCCIONES Y AUXIL FERRO,,,,,
BAMNB.AS,KONINKLIJKE BAM GROEP NV,,,,,
SXS.L,SPECTRIS PLC,,,,,
HLMA.L,HALMA PLC,,,,,
LOOK.L,LOOKERS PLC,,,,,
SAP,SAP SE,,,,,
@SUNRISE COMM GROUP AG,SUNRISE COMM GROUP AG,,,,,
WLN.PA,WORLDLINE,,,,,
SOP.PA,SOPRA STERIA GROUP SA,,,,,
@NIELSEN HOLDINGS PLC,NIELSEN HOLDINGS PLC,,,,,
@JUST EAT PLC,JUST EAT PLC,,,,,
RSH.F,RANDSTAD NV,10.87,0.03,7.1,3.74,2022.0
JBAXY,JULIUS BAER GRUPPE AG,,,,,
1U1.DE,1&1 AG,,,,,
INN1.DE,ING GROEP NV,22.27,1.32,11.94,9.01,2022.0
JHG,JANUS HENDERSON GROUP PLC,,,,,
HAS.L,HAYS PLC,,,,,
STEM.L,STHREE,,,,,
ICP.L,INTERMEDIATE CAPITAL GROUP,,,,,
PUK,PRUDENTIAL PLC,,,,,
CS,CREDIT SUISSE GROUP,,,,,
KLH.SG,KOBENHAVNS LUFTHAVNE,,,,,
CGG.PA,CGG,,,,,
HELN.SW,HELVETIA HOLDING AG,24.48,1.22,11.02,12.24,2022.0
@GROUPE ADP,GROUPE ADP,,,,,
FCC.MC,FOMENTO DE CONSTRUC Y CONTRA,,,,,
TRB.L,TRIBAL GROUP PLC,,,,,
DNO.OL,DNO ASA,,,,,
@EDMOND DE ROTHSCHILD S.A,EDMOND DE ROTHSCHILD S.A,,,,,
AZA.ST,AVANZA BANK HOLDING AB,,,,,
BEZ.L,BEAZLEY PLC,,,,,
CCR.L,C&C GROUP PLC,,,,,
@SIEMENS GAMESA RENB ENRG SA,SIEMENS GAMESA RENB ENRG SA,,,,,
@AUDI AG,AUDI AG,,,,,
GBF.DE,BILFINGER SE,,,,,
AY,ATLANTICA SUSTAINABLE INFRA,,,,,
ACXIF,ACCIONA SA,,,,,
ASC.L,ASOS PLC,23.89,,,,2022.0
RWA.L,ROBERT WALTERS PLC,,,,,
@INTL CONSOL AIRLINES GROUP,INTL CONSOL AIRLINES GROUP,,,,,
CSUA.MU,CORBION NV,,,,,
DANSKE.CO,DANSKE BANK AS,24.28,0.59,11.16,12.53,2022.0
DB,DEUTSCHE BANK AG,29.02,1.43,12.33,15.26,2022.0
@MEDICLINIC INTL PLC,MEDICLINIC INTL PLC,,,,,
AON,AON PLC,,,,,
AIXA.DE,AIXTRON SE,,,,,
@STEINHOFF INV HOLDINGS NV,STEINHOFF INV HOLDINGS NV,,,,,
PRDSY,PRADA SPA,,,,,
@TELEKOM SLOVENIA,TELEKOM SLOVENIA,,,,,
6PG.SG,POLSKA GRUPA ENERGETYCZNA SA,49.02,28.57,12.77,7.68,2022.0
58S.BE,ENEA SA,,,,,
@BKW FMB ENERGIE AG,BKW FMB ENERGIE AG,,,,,
INCH.L,INCHCAPE PLC,,,,,
MF.PA,WENDEL,8.89,0.06,2.02,6.81,2022.0
FLU.VI,FLUGHAFEN WIEN AG,,,,,
0IXY.L,SOCIETE FONCIERE LYONNAISE,,,,,
@PHOENIX GROUP HLDGS,PHOENIX GROUP HLDGS,,,,,
@SSAB CORP,SSAB CORP,,,,,
EF41.SG,ANADOLU EFES BIRACILIK MALT,,,,,
@ACACIA MINING PLC,ACACIA MINING PLC,,,,,
HOLM-B.ST,HOLMEN AB,,,,,
PHR.LS,PHAROL SGPS SA,,,,,
DCA.SG,ACEA SPA,,,,,
@AXEL SPRINGER SE,AXEL SPRINGER SE,,,,,
VIV.PA,VIVENDI SE,10.43,0.05,4.17,6.21,2022.0
CLAS-B.ST,CLAS OHLSON AB,,,,,
@ICA GRUPPEN AB,ICA GRUPPEN AB,,,,,
ZURN.SW,ZURICH INSURANCE GROUP AG,17.77,0.81,7.9,9.06,2022.0
TIETO.HE,TIETOEVRY OYJ,,,,,
BO.CO,BANG & OLUFSEN AS,,,,,
ATO.PA,ATOS SE,10.2,0.01,4.98,5.2,2022.0
TMOAY,TOMTOM NV,,,,,
III.L,3I GROUP PLC,11.64,0.11,6.5,5.03,2022.0
BNDSY,BANCO DE SABADELL SA,,,,,
UNCRY,UNICREDIT SPA,,,,,
ASML,ASML HOLDING NV,,,,,
IMI.L,IMI PLC,,,,,
@SONAE.COM SGPS SA,SONAE.COM SGPS SA,,,,,
EAM.DU,A2A SPA,,,,,
KCR.HE,KONECRANES PLC,,,,,
RAIVV.HE,RAISIO PLC,,,,,
PAT.DE,PATRIZIA SE,,,,,
DSV.CO,DSV A/S,14.08,4.16,5.98,3.95,2022.0
NZYM-B.CO,NOVOZYMES A/S,15.05,4.59,3.68,6.78,2022.0
UMI.BR,UMICORE SA,27.12,13.35,6.24,7.53,2022.0
ASHM.L,ASHMORE GROUP PLC,,,,,
HBC2.MU,HSBC HLDGS PLC,,,,,
BNP.PA,BNP PARIBAS,25.05,1.25,11.2,12.6,2022.0
@MUNICH RE CO,MUNICH RE CO,,,,,
HE9.SG,HERA SPA,,,,,
EBK.F,ENBW ENERGIE BADEN,31.12,12.44,11.51,7.16,2022.0
RS1.L,RS GROUP PLC,,,,,
ECIFY,ELECTRICITE DE FRANCE,,,,,
